{"cameraMode":{"drawMode":0,"name":"Shaded","section":"Shading Mode"},"sceneLighting":true,"audioPlay":false,"sceneViewState":{"m_AlwaysRefresh":false,"showFog":true,"showSkybox":true,"showFlares":true,"showImageEffects":true,"showParticleSystems":true,"showVisualEffectGraphs":true,"m_FxEnabled":true},"in2DMode":false,"pivot":{"x":24.64122772216797,"y":1.8536289930343629,"z":14.310614585876465},"rotation":{"x":0.003044817829504609,"y":0.014768100343644619,"z":-0.003462327877059579,"w":-1.0003830194473267},"size":2.841135263442993,"orthographic":false}